-- phpMyAdmin SQL Dump
-- version 4.5.1
-- http://www.phpmyadmin.net
--
-- Host: 127.0.0.1
-- Generation Time: Sep 07, 2017 at 05:40 PM
-- Server version: 10.1.10-MariaDB
-- PHP Version: 7.0.4

SET SQL_MODE = "NO_AUTO_VALUE_ON_ZERO";
SET time_zone = "+00:00";


/*!40101 SET @OLD_CHARACTER_SET_CLIENT=@@CHARACTER_SET_CLIENT */;
/*!40101 SET @OLD_CHARACTER_SET_RESULTS=@@CHARACTER_SET_RESULTS */;
/*!40101 SET @OLD_COLLATION_CONNECTION=@@COLLATION_CONNECTION */;
/*!40101 SET NAMES utf8mb4 */;

--
-- Database: `b2u`
--

-- --------------------------------------------------------

--
-- Table structure for table `admin`
--

CREATE TABLE `admin` (
  `adminId` int(11) NOT NULL,
  `name` varchar(20) NOT NULL,
  `password` varchar(20) NOT NULL
) ENGINE=InnoDB DEFAULT CHARSET=latin1;

--
-- Dumping data for table `admin`
--

INSERT INTO `admin` (`adminId`, `name`, `password`) VALUES
(1, 'admin', 'admin');

-- --------------------------------------------------------

--
-- Table structure for table `category`
--

CREATE TABLE `category` (
  `CategoryID` int(11) NOT NULL,
  `CategoryName` varchar(50) COLLATE utf8_unicode_ci NOT NULL,
  `Remark` varchar(1000) COLLATE utf8_unicode_ci NOT NULL
) ENGINE=InnoDB DEFAULT CHARSET=utf8 COLLATE=utf8_unicode_ci;

--
-- Dumping data for table `category`
--

INSERT INTO `category` (`CategoryID`, `CategoryName`, `Remark`) VALUES
(1, 'Clothes', 'All About Clothes'),
(2, 'Shoes', ''),
(3, 'Accessories', ''),
(4, 'Phone Covers', ''),
(5, 'Gifts', '');

-- --------------------------------------------------------

--
-- Table structure for table `customer`
--

CREATE TABLE `customer` (
  `CustomerID` int(11) NOT NULL,
  `Name` varchar(50) COLLATE utf8_unicode_ci NOT NULL,
  `Email` varchar(50) COLLATE utf8_unicode_ci NOT NULL,
  `Password` varchar(30) COLLATE utf8_unicode_ci NOT NULL,
  `Phone` varchar(20) COLLATE utf8_unicode_ci NOT NULL,
  `Address` varchar(50) COLLATE utf8_unicode_ci NOT NULL,
  `DoB` varchar(10) COLLATE utf8_unicode_ci NOT NULL,
  `Gender` varchar(6) COLLATE utf8_unicode_ci NOT NULL
) ENGINE=InnoDB DEFAULT CHARSET=utf8 COLLATE=utf8_unicode_ci;

--
-- Dumping data for table `customer`
--

INSERT INTO `customer` (`CustomerID`, `Name`, `Email`, `Password`, `Phone`, `Address`, `DoB`, `Gender`) VALUES
(1, 'Aung Ko Minn', 'akmin96@gmail.com', 'akmakm', '23236', 'Yangon', '1996-11-06', 'Male'),
(2, 'Ko Ko', 'koko@gmail.com', 'kokoko', '121212123123', 'Mandalay', '1999-06-16', 'Male'),
(3, 'Min Min', 'minmin@gmail.com', 'minmin', '123456', 'taungoo', '2012-06-06', 'Female'),
(4, 'AKM', 'akmin@gmail.com', 'akminn', '09123456789', 'Lanmandaw', '1996-02-26', 'Male');

-- --------------------------------------------------------

--
-- Table structure for table `orderdetail`
--

CREATE TABLE `orderdetail` (
  `OrderID` int(11) NOT NULL,
  `ProductID` int(11) NOT NULL,
  `Qty` int(11) NOT NULL
) ENGINE=InnoDB DEFAULT CHARSET=utf8 COLLATE=utf8_unicode_ci;

--
-- Dumping data for table `orderdetail`
--

INSERT INTO `orderdetail` (`OrderID`, `ProductID`, `Qty`) VALUES
(1, 1, 1),
(1, 4, 2),
(1, 5, 2),
(1, 12, 1),
(1, 14, 1),
(1, 15, 1),
(1, 17, 1),
(1, 16, 1),
(1, 19, 1),
(2, 1, 1),
(2, 4, 1),
(2, 5, 1),
(3, 17, 1),
(3, 14, 1),
(4, 20, 1),
(4, 19, 1),
(5, 1, 1),
(5, 4, 1),
(5, 14, 1),
(5, 15, 1),
(5, 20, 1),
(6, 8, 1),
(6, 9, 2),
(7, 9, 1),
(7, 13, 1),
(7, 8, 1),
(7, 17, 1),
(8, 1, 1),
(8, 4, 1),
(8, 5, 1),
(9, 1, 4),
(10, 4, 1),
(10, 5, 1),
(10, 16, 1),
(10, 17, 1),
(10, 19, 1),
(11, 4, 1),
(12, 20, 1),
(12, 13, 1),
(12, 25, 1),
(13, 19, 2),
(14, 43, 1),
(14, 44, 1),
(14, 45, 1),
(15, 46, 1),
(15, 34, 1),
(16, 14, 1),
(17, 47, 7),
(17, 22, 5),
(17, 16, 4),
(17, 48, 3),
(17, 49, 3),
(17, 5, 4),
(17, 32, 17),
(17, 9, 16),
(17, 23, 17),
(17, 24, 14),
(17, 4, 3),
(17, 14, 4),
(17, 8, 4),
(17, 38, 2),
(17, 27, 2),
(17, 33, 2),
(17, 1, 1),
(17, 39, 1);

-- --------------------------------------------------------

--
-- Table structure for table `product`
--

CREATE TABLE `product` (
  `ProductID` int(11) NOT NULL,
  `PName` varchar(60) COLLATE utf8_unicode_ci NOT NULL,
  `BrandName` varchar(50) COLLATE utf8_unicode_ci NOT NULL,
  `Color` varchar(50) COLLATE utf8_unicode_ci NOT NULL,
  `PDescription` varchar(4000) COLLATE utf8_unicode_ci NOT NULL,
  `InStock` int(11) NOT NULL,
  `Price` int(11) NOT NULL,
  `PImage` varchar(255) COLLATE utf8_unicode_ci NOT NULL,
  `CategoryID` int(11) NOT NULL,
  `SupplierID` int(11) NOT NULL
) ENGINE=InnoDB DEFAULT CHARSET=utf8 COLLATE=utf8_unicode_ci;

--
-- Dumping data for table `product`
--

INSERT INTO `product` (`ProductID`, `PName`, `BrandName`, `Color`, `PDescription`, `InStock`, `Price`, `PImage`, `CategoryID`, `SupplierID`) VALUES
(1, 'Brush Titanium Couple Rings', 'EverMarker', 'Silver', 'Lorem ipsum dolor sit amet, consectetur adipisicing elit. Quae repudiandae fugiat illo cupiditate excepturi esse officiis consectetur, laudantium qui voluptatem. Ad necessitatibus velit, accusantium expedita debitis impedit rerum totam id. Lorem ipsum dolor sit amet, consectetur adipisicing elit. Natus quibusdam recusandae illum, nesciunt, architecto, saepe facere, voluptas eum incidunt dolores magni itaque autem neque velit in. At quia quaerat asperiores.\r\nLorem ipsum dolor sit amet, consectetur adipisicing elit. Quae repudiandae fugiat illo cupiditate excepturi esse officiis consectetur, laudantium qui voluptatem. Ad necessitatibus velit, accusantium expedita debitis impedit rerum totam id. Lorem ipsum dolor sit amet, consectetur adipisicing elit. Natus quibusdam recusandae illum, nesciunt, architecto, saepe facere, voluptas eum incidunt dolores magni itaque autem neque velit in. At quia quaerat asperiores', 20, 10000, 'p_1504082233', 3, 1),
(4, 'Purple Couple Rings', 'EverMarker', 'Purple', 'Lorem ipsum dolor sit amet, consectetur adipisicing elit. Quae repudiandae fugiat illo cupiditate excepturi esse officiis consectetur, laudantium qui voluptatem. Ad necessitatibus velit, accusantium expedita debitis impedit rerum totam id. Lorem ipsum dolor sit amet, consectetur adipisicing elit. Natus quibusdam recusandae illum, nesciunt, architecto, saepe facere, voluptas eum incidunt dolores magni itaque autem neque velit in. At quia quaerat asperiores.\r\nLorem ipsum dolor sit amet, consectetur adipisicing elit. Quae repudiandae fugiat illo cupiditate excepturi esse officiis consectetur, laudantium qui voluptatem. Ad necessitatibus velit, accusantium expedita debitis impedit rerum totam id. Lorem ipsum dolor sit amet, consectetur adipisicing elit. Natus quibusdam recusandae illum, nesciunt, architecto, saepe facere, voluptas eum incidunt dolores magni itaque autem neque velit in. At quia quaerat asperiores', 10, 50000, 'p_1504082333', 3, 1),
(5, 'Noble Ocean Blue Couple Rings', 'EverMarker', 'Blue', 'Lorem ipsum dolor sit amet, consectetur adipisicing elit. Quae repudiandae fugiat illo cupiditate excepturi esse officiis consectetur, laudantium qui voluptatem. Ad necessitatibus velit, accusantium expedita debitis impedit rerum totam id. Lorem ipsum dolor sit amet, consectetur adipisicing elit. Natus quibusdam recusandae illum, nesciunt, architecto, saepe facere, voluptas eum incidunt dolores magni itaque autem neque velit in. At quia quaerat asperiores.\r\nLorem ipsum dolor sit amet, consectetur adipisicing elit. Quae repudiandae fugiat illo cupiditate excepturi esse officiis consectetur, laudantium qui voluptatem. Ad necessitatibus velit, accusantium expedita debitis impedit rerum totam id. Lorem ipsum dolor sit amet, consectetur adipisicing elit. Natus quibusdam recusandae illum, nesciunt, architecto, saepe facere, voluptas eum incidunt dolores magni itaque autem neque velit in. At quia quaerat asperiores', 20, 52000, 'p_1504082411', 3, 1),
(8, 'Black &amp; Rose Gold Zircon Couple Rings', 'Van Elly', 'Black + Rose Gold', 'Lorem ipsum dolor sit amet, consectetur adipisicing elit. Quae repudiandae fugiat illo cupiditate excepturi esse officiis consectetur, laudantium qui voluptatem. Ad necessitatibus velit, accusantium expedita debitis impedit rerum totam id. Lorem ipsum dolor sit amet, consectetur adipisicing elit. Natus quibusdam recusandae illum, nesciunt, architecto, saepe facere, voluptas eum incidunt dolores magni itaque autem neque velit in. At quia quaerat asperiores.\r\nLorem ipsum dolor sit amet, consectetur adipisicing elit. Quae repudiandae fugiat illo cupiditate excepturi esse officiis consectetur, laudantium qui voluptatem. Ad necessitatibus velit, accusantium expedita debitis impedit rerum totam id. Lorem ipsum dolor sit amet, consectetur adipisicing elit. Natus quibusdam recusandae illum, nesciunt, architecto, saepe facere, voluptas eum incidunt dolores magni itaque autem neque velit in. At quia quaerat asperiores', 12, 90000, 'p_1504082719', 3, 1),
(9, 'Stainless Steel Diamond Couple Rings', 'CZ', 'Silver', 'Lorem ipsum dolor sit amet, consectetur adipisicing elit. Quae repudiandae fugiat illo cupiditate excepturi esse officiis consectetur, laudantium qui voluptatem. Ad necessitatibus velit, accusantium expedita debitis impedit rerum totam id. Lorem ipsum dolor sit amet, consectetur adipisicing elit. Natus quibusdam recusandae illum, nesciunt, architecto, saepe facere, voluptas eum incidunt dolores magni itaque autem neque velit in. At quia quaerat asperiores.\r\nLorem ipsum dolor sit amet, consectetur adipisicing elit. Quae repudiandae fugiat illo cupiditate excepturi esse officiis consectetur, laudantium qui voluptatem. Ad necessitatibus velit, accusantium expedita debitis impedit rerum totam id. Lorem ipsum dolor sit amet, consectetur adipisicing elit. Natus quibusdam recusandae illum, nesciunt, architecto, saepe facere, voluptas eum incidunt dolores magni itaque autem neque velit in. At quia quaerat asperiores', 10, 60000, 'p_1504082777', 3, 2),
(12, 'Forever Love Stars Rings', 'Leslies Jewelry', 'Black + Rose', 'Lorem ipsum dolor sit amet, consectetur adipisicing elit. Quae repudiandae fugiat illo cupiditate excepturi esse officiis consectetur, laudantium qui voluptatem. Ad necessitatibus velit, accusantium expedita debitis impedit rerum totam id. Lorem ipsum dolor sit amet, consectetur adipisicing elit. Natus quibusdam recusandae illum, nesciunt, architecto, saepe facere, voluptas eum incidunt dolores magni itaque autem neque velit in. At quia quaerat asperiores.\r\nLorem ipsum dolor sit amet, consectetur adipisicing elit. Quae repudiandae fugiat illo cupiditate excepturi esse officiis consectetur, laudantium qui voluptatem. Ad necessitatibus velit, accusantium expedita debitis impedit rerum totam id. Lorem ipsum dolor sit amet, consectetur adipisicing elit. Natus quibusdam recusandae illum, nesciunt, architecto, saepe facere, voluptas eum incidunt dolores magni itaque autem neque velit in. At quia quaerat asperiores', 10, 80000, 'p_1504082854', 3, 2),
(13, 'Sterling Silver Lover Matching Couple Rings', 'EverMarker', 'Silver', 'Lorem ipsum dolor sit amet, consectetur adipisicing elit. Quae repudiandae fugiat illo cupiditate excepturi esse officiis consectetur, laudantium qui voluptatem. Ad necessitatibus velit, accusantium expedita debitis impedit rerum totam id. Lorem ipsum dolor sit amet, consectetur adipisicing elit. Natus quibusdam recusandae illum, nesciunt, architecto, saepe facere, voluptas eum incidunt dolores magni itaque autem neque velit in. At quia quaerat asperiores.\r\nLorem ipsum dolor sit amet, consectetur adipisicing elit. Quae repudiandae fugiat illo cupiditate excepturi esse officiis consectetur, laudantium qui voluptatem. Ad necessitatibus velit, accusantium expedita debitis impedit rerum totam id. Lorem ipsum dolor sit amet, consectetur adipisicing elit. Natus quibusdam recusandae illum, nesciunt, architecto, saepe facere, voluptas eum incidunt dolores magni itaque autem neque velit in. At quia quaerat asperiores', 20, 90000, 'p_1504082924', 3, 1),
(14, 'Heart-Shaped Brushed Inlaid Cubic Couple Rings', 'BMK', 'Black + Rose Gold', 'Lorem ipsum dolor sit amet, consectetur adipisicing elit. Quae repudiandae fugiat illo cupiditate excepturi esse officiis consectetur, laudantium qui voluptatem. Ad necessitatibus velit, accusantium expedita debitis impedit rerum totam id. Lorem ipsum dolor sit amet, consectetur adipisicing elit. Natus quibusdam recusandae illum, nesciunt, architecto, saepe facere, voluptas eum incidunt dolores magni itaque autem neque velit in. At quia quaerat asperiores.\r\nLorem ipsum dolor sit amet, consectetur adipisicing elit. Quae repudiandae fugiat illo cupiditate excepturi esse officiis consectetur, laudantium qui voluptatem. Ad necessitatibus velit, accusantium expedita debitis impedit rerum totam id. Lorem ipsum dolor sit amet, consectetur adipisicing elit. Natus quibusdam recusandae illum, nesciunt, architecto, saepe facere, voluptas eum incidunt dolores magni itaque autem neque velit in. At quia quaerat asperiores', 5, 33000, 'p_1504082990', 3, 1),
(15, 'Hollow Heart Round Zircon Couple Rings', 'AilLin', 'Silver', 'Lorem ipsum dolor sit amet, consectetur adipisicing elit. Quae repudiandae fugiat illo cupiditate excepturi esse officiis consectetur, laudantium qui voluptatem. Ad necessitatibus velit, accusantium expedita debitis impedit rerum totam id. Lorem ipsum dolor sit amet, consectetur adipisicing elit. Natus quibusdam recusandae illum, nesciunt, architecto, saepe facere, voluptas eum incidunt dolores magni itaque autem neque velit in. At quia quaerat asperiores.\r\nLorem ipsum dolor sit amet, consectetur adipisicing elit. Quae repudiandae fugiat illo cupiditate excepturi esse officiis consectetur, laudantium qui voluptatem. Ad necessitatibus velit, accusantium expedita debitis impedit rerum totam id. Lorem ipsum dolor sit amet, consectetur adipisicing elit. Natus quibusdam recusandae illum, nesciunt, architecto, saepe facere, voluptas eum incidunt dolores magni itaque autem neque velit in. At quia quaerat asperiores', 60, 50000, 'p_1504083051', 3, 2),
(16, 'Heart Zircon Diamond Couple Rings', 'BMK', 'Silver', 'Lorem ipsum dolor sit amet, consectetur adipisicing elit. Quae repudiandae fugiat illo cupiditate excepturi esse officiis consectetur, laudantium qui voluptatem. Ad necessitatibus velit, accusantium expedita debitis impedit rerum totam id. Lorem ipsum dolor sit amet, consectetur adipisicing elit. Natus quibusdam recusandae illum, nesciunt, architecto, saepe facere, voluptas eum incidunt dolores magni itaque autem neque velit in. At quia quaerat asperiores.\r\nLorem ipsum dolor sit amet, consectetur adipisicing elit. Quae repudiandae fugiat illo cupiditate excepturi esse officiis consectetur, laudantium qui voluptatem. Ad necessitatibus velit, accusantium expedita debitis impedit rerum totam id. Lorem ipsum dolor sit amet, consectetur adipisicing elit. Natus quibusdam recusandae illum, nesciunt, architecto, saepe facere, voluptas eum incidunt dolores magni itaque autem neque velit in. At quia quaerat asperioresLorem ipsum dolor sit amet, consectetur adipisicing elit. Quae repudiandae fugiat illo cupiditate excepturi esse officiis consectetur, laudantium qui voluptatem. Ad necessitatibus velit, accusantium expedita debitis impedit rerum totam id. Lorem ipsum dolor sit amet, consectetur adipisicing elit. Natus quibusdam recusandae illum, nesciunt, architecto, saepe facere, voluptas eum incidunt dolores magni itaque autem neque velit in. At quia quaerat asperiores.\r\nLorem ipsum dolor sit amet, consectetur adipisicing elit. Quae repudiandae fugiat illo cupiditate excepturi esse officiis consectetur, laudantium qui voluptatem. Ad necessitatibus velit, accusantium expedita debitis impedit rerum totam id. Lorem ipsum dolor sit amet, consectetur adipisicing elit. Natus quibusdam recusandae illum, nesciunt, architecto, saepe facere, voluptas eum incidunt dolores magni itaque autem neque velit in. At quia quaerat asperiores', 30, 70000, 'p_1504083096', 3, 1),
(17, 'Cubic Zirconia Couple Rings', 'BMK', 'Silver', 'Lorem ipsum dolor sit amet, consectetur adipisicing elit. Quae repudiandae fugiat illo cupiditate excepturi esse officiis consectetur, laudantium qui voluptatem. Ad necessitatibus velit, accusantium expedita debitis impedit rerum totam id. Lorem ipsum dolor sit amet, consectetur adipisicing elit. Natus quibusdam recusandae illum, nesciunt, architecto, saepe facere, voluptas eum incidunt dolores magni itaque autem neque velit in. At quia quaerat asperiores.\r\nLorem ipsum dolor sit amet, consectetur adipisicing elit. Quae repudiandae fugiat illo cupiditate excepturi esse officiis consectetur, laudantium qui voluptatem. Ad necessitatibus velit, accusantium expedita debitis impedit rerum totam id. Lorem ipsum dolor sit amet, consectetur adipisicing elit. Natus quibusdam recusandae illum, nesciunt, architecto, saepe facere, voluptas eum incidunt dolores magni itaque autem neque velit in. At quia quaerat asperiores', 33, 90000, 'p_1504085660', 3, 3),
(18, 'Just Hitched', 'Cups', 'Yellow', 'Lorem ipsum dolor sit amet, consectetur adipisicing elit. Quae repudiandae fugiat illo cupiditate excepturi esse officiis consectetur, laudantium qui voluptatem. Ad necessitatibus velit, accusantium expedita debitis impedit rerum totam id. Lorem ipsum dolor sit amet, consectetur adipisicing elit. Natus quibusdam recusandae illum, nesciunt, architecto, saepe facere, voluptas eum incidunt dolores magni itaque autem neque velit in. At quia quaerat asperiores.\r\nLorem ipsum dolor sit amet, consectetur adipisicing elit. Quae repudiandae fugiat illo cupiditate excepturi esse officiis consectetur, laudantium qui voluptatem. Ad necessitatibus velit, accusantium expedita debitis impedit rerum totam id. Lorem ipsum dolor sit amet, consectetur adipisicing elit. Natus quibusdam recusandae illum, nesciunt, architecto, saepe facere, voluptas eum incidunt dolores magni itaque autem neque velit in. At quia quaerat asperiores', 5, 6000, 'p_1504083800', 3, 3),
(19, 'Awesome Couple', 'Second Cups', 'White', 'Lorem ipsum dolor sit amet, consectetur adipisicing elit. Quae repudiandae fugiat illo cupiditate excepturi esse officiis consectetur, laudantium qui voluptatem. Ad necessitatibus velit, accusantium expedita debitis impedit rerum totam id. Lorem ipsum dolor sit amet, consectetur adipisicing elit. Natus quibusdam recusandae illum, nesciunt, architecto, saepe facere, voluptas eum incidunt dolores magni itaque autem neque velit in. At quia quaerat asperiores.\r\nLorem ipsum dolor sit amet, consectetur adipisicing elit. Quae repudiandae fugiat illo cupiditate excepturi esse officiis consectetur, laudantium qui voluptatem. Ad necessitatibus velit, accusantium expedita debitis impedit rerum totam id. Lorem ipsum dolor sit amet, consectetur adipisicing elit. Natus quibusdam recusandae illum, nesciunt, architecto, saepe facere, voluptas eum incidunt dolores magni itaque autem neque velit in. At quia quaerat asperiores', 40, 7000, 'p_1504083360', 3, 2),
(20, 'Big Boss Little Boss', 'Second Cups', 'White', 'Lorem ipsum dolor sit amet, consectetur adipisicing elit. Quae repudiandae fugiat illo cupiditate excepturi esse officiis consectetur, laudantium qui voluptatem. Ad necessitatibus velit, accusantium expedita debitis impedit rerum totam id. Lorem ipsum dolor sit amet, consectetur adipisicing elit. Natus quibusdam recusandae illum, nesciunt, architecto, saepe facere, voluptas eum incidunt dolores magni itaque autem neque velit in. At quia quaerat asperiores.\r\nLorem ipsum dolor sit amet, consectetur adipisicing elit. Quae repudiandae fugiat illo cupiditate excepturi esse officiis consectetur, laudantium qui voluptatem. Ad necessitatibus velit, accusantium expedita debitis impedit rerum totam id. Lorem ipsum dolor sit amet, consectetur adipisicing elit. Natus quibusdam recusandae illum, nesciunt, architecto, saepe facere, voluptas eum incidunt dolores magni itaque autem neque velit in. At quia quaerat asperiores', 50, 6000, 'p_1504083433', 3, 2),
(21, 'Happy Life Happy Wife', 'Journey', 'White', 'Lorem ipsum dolor sit amet, consectetur adipisicing elit. Quae repudiandae fugiat illo cupiditate excepturi esse officiis consectetur, laudantium qui voluptatem. Ad necessitatibus velit, accusantium expedita debitis impedit rerum totam id. Lorem ipsum dolor sit amet, consectetur adipisicing elit. Natus quibusdam recusandae illum, nesciunt, architecto, saepe facere, voluptas eum incidunt dolores magni itaque autem neque velit in. At quia quaerat asperiores.\r\nLorem ipsum dolor sit amet, consectetur adipisicing elit. Quae repudiandae fugiat illo cupiditate excepturi esse officiis consectetur, laudantium qui voluptatem. Ad necessitatibus velit, accusantium expedita debitis impedit rerum totam id. Lorem ipsum dolor sit amet, consectetur adipisicing elit. Natus quibusdam recusandae illum, nesciunt, architecto, saepe facere, voluptas eum incidunt dolores magni itaque autem neque velit in. At quia quaerat asperiores', 50, 5000, 'p_1504083573', 3, 1),
(22, 'Hello Handsome Morning Gorgeous', 'Yo Yo', 'Black', 'Lorem ipsum dolor sit amet, consectetur adipisicing elit. Quae repudiandae fugiat illo cupiditate excepturi esse officiis consectetur, laudantium qui voluptatem. Ad necessitatibus velit, accusantium expedita debitis impedit rerum totam id. Lorem ipsum dolor sit amet, consectetur adipisicing elit. Natus quibusdam recusandae illum, nesciunt, architecto, saepe facere, voluptas eum incidunt dolores magni itaque autem neque velit in. At quia quaerat asperiores.\r\nLorem ipsum dolor sit amet, consectetur adipisicing elit. Quae repudiandae fugiat illo cupiditate excepturi esse officiis consectetur, laudantium qui voluptatem. Ad necessitatibus velit, accusantium expedita debitis impedit rerum totam id. Lorem ipsum dolor sit amet, consectetur adipisicing elit. Natus quibusdam recusandae illum, nesciunt, architecto, saepe facere, voluptas eum incidunt dolores magni itaque autem neque velit in. At quia quaerat asperiores', 30, 5600, 'p_1504083628', 3, 1),
(23, 'King and Queen Matching ', 'Phone Covers', 'Black', 'Lorem ipsum dolor sit amet, consectetur adipisicing elit. Quae repudiandae fugiat illo cupiditate excepturi esse officiis consectetur, laudantium qui voluptatem. Ad necessitatibus velit, accusantium expedita debitis impedit rerum totam id. Lorem ipsum dolor sit amet, consectetur adipisicing elit. Natus quibusdam recusandae illum, nesciunt, architecto, saepe facere, voluptas eum incidunt dolores magni itaque autem neque velit in. At quia quaerat asperiores.\r\nLorem ipsum dolor sit amet, consectetur adipisicing elit. Quae repudiandae fugiat illo cupiditate excepturi esse officiis consectetur, laudantium qui voluptatem. Ad necessitatibus velit, accusantium expedita debitis impedit rerum totam id. Lorem ipsum dolor sit amet, consectetur adipisicing elit. Natus quibusdam recusandae illum, nesciunt, architecto, saepe facere, voluptas eum incidunt dolores magni itaque autem neque velit in. At quia quaerat asperiores', 20, 12000, 'p_1504083959', 4, 4),
(24, 'I Love You to the Moon', 'Covers', 'Blank and White', 'Lorem ipsum dolor sit amet, consectetur adipisicing elit. Quae repudiandae fugiat illo cupiditate excepturi esse officiis consectetur, laudantium qui voluptatem. Ad necessitatibus velit, accusantium expedita debitis impedit rerum totam id. Lorem ipsum dolor sit amet, consectetur adipisicing elit. Natus quibusdam recusandae illum, nesciunt, architecto, saepe facere, voluptas eum incidunt dolores magni itaque autem neque velit in. At quia quaerat asperiores.\r\nLorem ipsum dolor sit amet, consectetur adipisicing elit. Quae repudiandae fugiat illo cupiditate excepturi esse officiis consectetur, laudantium qui voluptatem. Ad necessitatibus velit, accusantium expedita debitis impedit rerum totam id. Lorem ipsum dolor sit amet, consectetur adipisicing elit. Natus quibusdam recusandae illum, nesciunt, architecto, saepe facere, voluptas eum incidunt dolores magni itaque autem neque velit in. At quia quaerat asperiores', 50, 6000, 'p_1504084181', 4, 2),
(25, 'Every Beast Needs a Beauty', 'Roll Cover', 'Black', 'Lorem ipsum dolor sit amet, consectetur adipisicing elit. Quae repudiandae fugiat illo cupiditate excepturi esse officiis consectetur, laudantium qui voluptatem. Ad necessitatibus velit, accusantium expedita debitis impedit rerum totam id. Lorem ipsum dolor sit amet, consectetur adipisicing elit. Natus quibusdam recusandae illum, nesciunt, architecto, saepe facere, voluptas eum incidunt dolores magni itaque autem neque velit in. At quia quaerat asperiores.\r\nLorem ipsum dolor sit amet, consectetur adipisicing elit. Quae repudiandae fugiat illo cupiditate excepturi esse officiis consectetur, laudantium qui voluptatem. Ad necessitatibus velit, accusantium expedita debitis impedit rerum totam id. Lorem ipsum dolor sit amet, consectetur adipisicing elit. Natus quibusdam recusandae illum, nesciunt, architecto, saepe facere, voluptas eum incidunt dolores magni itaque autem neque velit in. At quia quaerat asperiores', 30, 5000, 'p_1504084354', 4, 4),
(26, 'Don&#039;t Go Bacon My Heart', 'Phone Covers', 'Black', 'Lorem ipsum dolor sit amet, consectetur adipisicing elit. Quae repudiandae fugiat illo cupiditate excepturi esse officiis consectetur, laudantium qui voluptatem. Ad necessitatibus velit, accusantium expedita debitis impedit rerum totam id. Lorem ipsum dolor sit amet, consectetur adipisicing elit. Natus quibusdam recusandae illum, nesciunt, architecto, saepe facere, voluptas eum incidunt dolores magni itaque autem neque velit in. At quia quaerat asperiores.\r\nLorem ipsum dolor sit amet, consectetur adipisicing elit. Quae repudiandae fugiat illo cupiditate excepturi esse officiis consectetur, laudantium qui voluptatem. Ad necessitatibus velit, accusantium expedita debitis impedit rerum totam id. Lorem ipsum dolor sit amet, consectetur adipisicing elit. Natus quibusdam recusandae illum, nesciunt, architecto, saepe facere, voluptas eum incidunt dolores magni itaque autem neque velit in. At quia quaerat asperiores', 50, 4500, 'p_1504084580', 4, 2),
(27, 'Together Forever Couple', 'Covers', 'Pink', 'Lorem ipsum dolor sit amet, consectetur adipisicing elit. Quae repudiandae fugiat illo cupiditate excepturi esse officiis consectetur, laudantium qui voluptatem. Ad necessitatibus velit, accusantium expedita debitis impedit rerum totam id. Lorem ipsum dolor sit amet, consectetur adipisicing elit. Natus quibusdam recusandae illum, nesciunt, architecto, saepe facere, voluptas eum incidunt dolores magni itaque autem neque velit in. At quia quaerat asperiores.\r\nLorem ipsum dolor sit amet, consectetur adipisicing elit. Quae repudiandae fugiat illo cupiditate excepturi esse officiis consectetur, laudantium qui voluptatem. Ad necessitatibus velit, accusantium expedita debitis impedit rerum totam id. Lorem ipsum dolor sit amet, consectetur adipisicing elit. Natus quibusdam recusandae illum, nesciunt, architecto, saepe facere, voluptas eum incidunt dolores magni itaque autem neque velit in. At quia quaerat asperiores', 50, 5600, 'p_1504084776', 4, 4),
(28, 'I Love My Crazy Lover', 'Second Covers', 'Pink Black', 'Lorem ipsum dolor sit amet, consectetur adipisicing elit. Quae repudiandae fugiat illo cupiditate excepturi esse officiis consectetur, laudantium qui voluptatem. Ad necessitatibus velit, accusantium expedita debitis impedit rerum totam id. Lorem ipsum dolor sit amet, consectetur adipisicing elit. Natus quibusdam recusandae illum, nesciunt, architecto, saepe facere, voluptas eum incidunt dolores magni itaque autem neque velit in. At quia quaerat asperiores.\r\nLorem ipsum dolor sit amet, consectetur adipisicing elit. Quae repudiandae fugiat illo cupiditate excepturi esse officiis consectetur, laudantium qui voluptatem. Ad necessitatibus velit, accusantium expedita debitis impedit rerum totam id. Lorem ipsum dolor sit amet, consectetur adipisicing elit. Natus quibusdam recusandae illum, nesciunt, architecto, saepe facere, voluptas eum incidunt dolores magni itaque autem neque velit in. At quia quaerat asperiores', 60, 6000, 'p_1504085085', 4, 1),
(30, 'Together Since', 'FUNNYARTiSHOCK', 'Black and White', 'Lorem ipsum dolor sit amet, consectetur adipisicing elit. Quae repudiandae fugiat illo cupiditate excepturi esse officiis consectetur, laudantium qui voluptatem. Ad necessitatibus velit, accusantium expedita debitis impedit rerum totam id. Lorem ipsum dolor sit amet, consectetur adipisicing elit. Natus quibusdam recusandae illum, nesciunt, architecto, saepe facere, voluptas eum incidunt dolores magni itaque autem neque velit in. At quia quaerat asperiores.\r\nLorem ipsum dolor sit amet, consectetur adipisicing elit. Quae repudiandae fugiat illo cupiditate excepturi esse officiis consectetur, laudantium qui voluptatem. Ad necessitatibus velit, accusantium expedita debitis impedit rerum totam id. Lorem ipsum dolor sit amet, consectetur adipisicing elit. Natus quibusdam recusandae illum, nesciunt, architecto, saepe facere, voluptas eum incidunt dolores magni itaque autem neque velit in. At quia quaerat asperiores', 12, 12000, 'p_1504110146', 1, 2),
(31, 'King  &amp; Queen Sweatshirts', 'desireware', 'Grey &amp; Mild Blue', 'Lorem ipsum dolor sit amet, consectetur adipisicing elit. Quae repudiandae fugiat illo cupiditate excepturi esse officiis consectetur, laudantium qui voluptatem. Ad necessitatibus velit, accusantium expedita debitis impedit rerum totam id. Lorem ipsum dolor sit amet, consectetur adipisicing elit. Natus quibusdam recusandae illum, nesciunt, architecto, saepe facere, voluptas eum incidunt dolores magni itaque autem neque velit in. At quia quaerat asperiores.\r\nLorem ipsum dolor sit amet, consectetur adipisicing elit. Quae repudiandae fugiat illo cupiditate excepturi esse officiis consectetur, laudantium qui voluptatem. Ad necessitatibus velit, accusantium expedita debitis impedit rerum totam id. Lorem ipsum dolor sit amet, consectetur adipisicing elit. Natus quibusdam recusandae illum, nesciunt, architecto, saepe facere, voluptas eum incidunt dolores magni itaque autem neque velit in. At quia quaerat asperiores', 12, 30000, 'p_1504110192', 1, 3),
(32, 'Better Together', 'Gildan', 'Black, Grey, White, Maroon', 'Lorem ipsum dolor sit amet, consectetur adipisicing elit. Quae repudiandae fugiat illo cupiditate excepturi esse officiis consectetur, laudantium qui voluptatem. Ad necessitatibus velit, accusantium expedita debitis impedit rerum totam id. Lorem ipsum dolor sit amet, consectetur adipisicing elit. Natus quibusdam recusandae illum, nesciunt, architecto, saepe facere, voluptas eum incidunt dolores magni itaque autem neque velit in. At quia quaerat asperiores.\r\nLorem ipsum dolor sit amet, consectetur adipisicing elit. Quae repudiandae fugiat illo cupiditate excepturi esse officiis consectetur, laudantium qui voluptatem. Ad necessitatibus velit, accusantium expedita debitis impedit rerum totam id. Lorem ipsum dolor sit amet, consectetur adipisicing elit. Natus quibusdam recusandae illum, nesciunt, architecto, saepe facere, voluptas eum incidunt dolores magni itaque autem neque velit in. At quia quaerat asperiores', 12, 20000, 'p_1504110263', 1, 3),
(33, 'Our story will never end', 'VEROATTACK', 'Black, Ash Grey, White, Light Blue', 'Lorem ipsum dolor sit amet, consectetur adipisicing elit. Quae repudiandae fugiat illo cupiditate excepturi esse officiis consectetur, laudantium qui voluptatem. Ad necessitatibus velit, accusantium expedita debitis impedit rerum totam id. Lorem ipsum dolor sit amet, consectetur adipisicing elit. Natus quibusdam recusandae illum, nesciunt, architecto, saepe facere, voluptas eum incidunt dolores magni itaque autem neque velit in. At quia quaerat asperiores.\r\nLorem ipsum dolor sit amet, consectetur adipisicing elit. Quae repudiandae fugiat illo cupiditate excepturi esse officiis consectetur, laudantium qui voluptatem. Ad necessitatibus velit, accusantium expedita debitis impedit rerum totam id. Lorem ipsum dolor sit amet, consectetur adipisicing elit. Natus quibusdam recusandae illum, nesciunt, architecto, saepe facere, voluptas eum incidunt dolores magni itaque autem neque velit in. At quia quaerat asperiores', 32, 30000, 'p_1504110346', 1, 2),
(34, 'Piece of pizza', 'VivaMake', 'Black, Grey, White', 'Lorem ipsum dolor sit amet, consectetur adipisicing elit. Quae repudiandae fugiat illo cupiditate excepturi esse officiis consectetur, laudantium qui voluptatem. Ad necessitatibus velit, accusantium expedita debitis impedit rerum totam id. Lorem ipsum dolor sit amet, consectetur adipisicing elit. Natus quibusdam recusandae illum, nesciunt, architecto, saepe facere, voluptas eum incidunt dolores magni itaque autem neque velit in. At quia quaerat asperiores.\r\nLorem ipsum dolor sit amet, consectetur adipisicing elit. Quae repudiandae fugiat illo cupiditate excepturi esse officiis consectetur, laudantium qui voluptatem. Ad necessitatibus velit, accusantium expedita debitis impedit rerum totam id. Lorem ipsum dolor sit amet, consectetur adipisicing elit. Natus quibusdam recusandae illum, nesciunt, architecto, saepe facere, voluptas eum incidunt dolores magni itaque autem neque velit in. At quia quaerat asperiores', 21, 30000, 'p_1504110432', 1, 1),
(35, 'robot', 'VivaMake', 'Black ,Grey , White ', 'Lorem ipsum dolor sit amet, consectetur adipisicing elit. Quae repudiandae fugiat illo cupiditate excepturi esse officiis consectetur, laudantium qui voluptatem. Ad necessitatibus velit, accusantium expedita debitis impedit rerum totam id. Lorem ipsum dolor sit amet, consectetur adipisicing elit. Natus quibusdam recusandae illum, nesciunt, architecto, saepe facere, voluptas eum incidunt dolores magni itaque autem neque velit in. At quia quaerat asperiores.\r\nLorem ipsum dolor sit amet, consectetur adipisicing elit. Quae repudiandae fugiat illo cupiditate excepturi esse officiis consectetur, laudantium qui voluptatem. Ad necessitatibus velit, accusantium expedita debitis impedit rerum totam id. Lorem ipsum dolor sit amet, consectetur adipisicing elit. Natus quibusdam recusandae illum, nesciunt, architecto, saepe facere, voluptas eum incidunt dolores magni itaque autem neque velit in. At quia quaerat asperiores', 32, 32000, 'p_1504110643', 1, 2),
(36, 'I love my angle &amp; devil', 'TaintedApparel', 'Black and White', 'Lorem ipsum dolor sit amet, consectetur adipisicing elit. Quae repudiandae fugiat illo cupiditate excepturi esse officiis consectetur, laudantium qui voluptatem. Ad necessitatibus velit, accusantium expedita debitis impedit rerum totam id. Lorem ipsum dolor sit amet, consectetur adipisicing elit. Natus quibusdam recusandae illum, nesciunt, architecto, saepe facere, voluptas eum incidunt dolores magni itaque autem neque velit in. At quia quaerat asperiores.\r\nLorem ipsum dolor sit amet, consectetur adipisicing elit. Quae repudiandae fugiat illo cupiditate excepturi esse officiis consectetur, laudantium qui voluptatem. Ad necessitatibus velit, accusantium expedita debitis impedit rerum totam id. Lorem ipsum dolor sit amet, consectetur adipisicing elit. Natus quibusdam recusandae illum, nesciunt, architecto, saepe facere, voluptas eum incidunt dolores magni itaque autem neque velit in. At quia quaerat asperiores', 23, 32000, 'p_1504110680', 1, 2),
(37, 'Free Toes', 'Bean', 'Blue', 'Lorem ipsum dolor sit amet, consectetur adipisicing elit. Quae repudiandae fugiat illo cupiditate excepturi esse officiis consectetur, laudantium qui voluptatem. Ad necessitatibus velit, accusantium expedita debitis impedit rerum totam id. Lorem ipsum dolor sit amet, consectetur adipisicing elit. Natus quibusdam recusandae illum, nesciunt, architecto, saepe facere, voluptas eum incidunt dolores magni itaque autem neque velit in. At quia quaerat asperiores.\r\nLorem ipsum dolor sit amet, consectetur adipisicing elit. Quae repudiandae fugiat illo cupiditate excepturi esse officiis consectetur, laudantium qui voluptatem. Ad necessitatibus velit, accusantium expedita debitis impedit rerum totam id. Lorem ipsum dolor sit amet, consectetur adipisicing elit. Natus quibusdam recusandae illum, nesciunt, architecto, saepe facere, voluptas eum incidunt dolores magni itaque autem neque velit in. At quia quaerat asperiores', 32, 8700, 'p_1504110769', 2, 2),
(38, 'NIKE', 'NIKE', 'Black and White', 'Lorem ipsum dolor sit amet, consectetur adipisicing elit. Quae repudiandae fugiat illo cupiditate excepturi esse officiis consectetur, laudantium qui voluptatem. Ad necessitatibus velit, accusantium expedita debitis impedit rerum totam id. Lorem ipsum dolor sit amet, consectetur adipisicing elit. Natus quibusdam recusandae illum, nesciunt, architecto, saepe facere, voluptas eum incidunt dolores magni itaque autem neque velit in. At quia quaerat asperiores.\r\nLorem ipsum dolor sit amet, consectetur adipisicing elit. Quae repudiandae fugiat illo cupiditate excepturi esse officiis consectetur, laudantium qui voluptatem. Ad necessitatibus velit, accusantium expedita debitis impedit rerum totam id. Lorem ipsum dolor sit amet, consectetur adipisicing elit. Natus quibusdam recusandae illum, nesciunt, architecto, saepe facere, voluptas eum incidunt dolores magni itaque autem neque velit in. At quia quaerat asperiores', 32, 32000, 'p_1504110801', 2, 4),
(39, 'Home Slippers', 'Lotus Jolly', 'Pink', 'Lorem ipsum dolor sit amet, consectetur adipisicing elit. Quae repudiandae fugiat illo cupiditate excepturi esse officiis consectetur, laudantium qui voluptatem. Ad necessitatibus velit, accusantium expedita debitis impedit rerum totam id. Lorem ipsum dolor sit amet, consectetur adipisicing elit. Natus quibusdam recusandae illum, nesciunt, architecto, saepe facere, voluptas eum incidunt dolores magni itaque autem neque velit in. At quia quaerat asperiores.\r\nLorem ipsum dolor sit amet, consectetur adipisicing elit. Quae repudiandae fugiat illo cupiditate excepturi esse officiis consectetur, laudantium qui voluptatem. Ad necessitatibus velit, accusantium expedita debitis impedit rerum totam id. Lorem ipsum dolor sit amet, consectetur adipisicing elit. Natus quibusdam recusandae illum, nesciunt, architecto, saepe facere, voluptas eum incidunt dolores magni itaque autem neque velit in. At quia quaerat asperiores', 12, 10000, 'p_1504110849', 2, 3),
(40, 'Winter Warm Slippers', 'Unisex', 'Pink', 'Lorem ipsum dolor sit amet, consectetur adipisicing elit. Quae repudiandae fugiat illo cupiditate excepturi esse officiis consectetur, laudantium qui voluptatem. Ad necessitatibus velit, accusantium expedita debitis impedit rerum totam id. Lorem ipsum dolor sit amet, consectetur adipisicing elit. Natus quibusdam recusandae illum, nesciunt, architecto, saepe facere, voluptas eum incidunt dolores magni itaque autem neque velit in. At quia quaerat asperiores.\r\nLorem ipsum dolor sit amet, consectetur adipisicing elit. Quae repudiandae fugiat illo cupiditate excepturi esse officiis consectetur, laudantium qui voluptatem. Ad necessitatibus velit, accusantium expedita debitis impedit rerum totam id. Lorem ipsum dolor sit amet, consectetur adipisicing elit. Natus quibusdam recusandae illum, nesciunt, architecto, saepe facere, voluptas eum incidunt dolores magni itaque autem neque velit in. At quia quaerat asperiores', 30, 5000, 'p_1504110893', 2, 3),
(41, 'LED Light Up', '7 ipupas', 'Green', 'Lorem ipsum dolor sit amet, consectetur adipisicing elit. Quae repudiandae fugiat illo cupiditate excepturi esse officiis consectetur, laudantium qui voluptatem. Ad necessitatibus velit, accusantium expedita debitis impedit rerum totam id. Lorem ipsum dolor sit amet, consectetur adipisicing elit. Natus quibusdam recusandae illum, nesciunt, architecto, saepe facere, voluptas eum incidunt dolores magni itaque autem neque velit in. At quia quaerat asperiores.\r\nLorem ipsum dolor sit amet, consectetur adipisicing elit. Quae repudiandae fugiat illo cupiditate excepturi esse officiis consectetur, laudantium qui voluptatem. Ad necessitatibus velit, accusantium expedita debitis impedit rerum totam id. Lorem ipsum dolor sit amet, consectetur adipisicing elit. Natus quibusdam recusandae illum, nesciunt, architecto, saepe facere, voluptas eum incidunt dolores magni itaque autem neque velit in. At quia quaerat asperiores', 32, 20000, 'p_1504110936', 2, 3),
(42, 'Clip Toe Sandals', 'Tan Rui ', 'Black and PInk', 'Lorem ipsum dolor sit amet, consectetur adipisicing elit. Quae repudiandae fugiat illo cupiditate excepturi esse officiis consectetur, laudantium qui voluptatem. Ad necessitatibus velit, accusantium expedita debitis impedit rerum totam id. Lorem ipsum dolor sit amet, consectetur adipisicing elit. Natus quibusdam recusandae illum, nesciunt, architecto, saepe facere, voluptas eum incidunt dolores magni itaque autem neque velit in. At quia quaerat asperiores.\r\nLorem ipsum dolor sit amet, consectetur adipisicing elit. Quae repudiandae fugiat illo cupiditate excepturi esse officiis consectetur, laudantium qui voluptatem. Ad necessitatibus velit, accusantium expedita debitis impedit rerum totam id. Lorem ipsum dolor sit amet, consectetur adipisicing elit. Natus quibusdam recusandae illum, nesciunt, architecto, saepe facere, voluptas eum incidunt dolores magni itaque autem neque velit in. At quia quaerat asperiores', 32, 30000, 'p_1504110970', 2, 2),
(43, 'Bear', 'PP Cotton', 'Plush', 'Lorem ipsum dolor sit amet, consectetur adipisicing elit. Quae repudiandae fugiat illo cupiditate excepturi esse officiis consectetur, laudantium qui voluptatem. Ad necessitatibus velit, accusantium expedita debitis impedit rerum totam id. Lorem ipsum dolor sit amet, consectetur adipisicing elit. Natus quibusdam recusandae illum, nesciunt, architecto, saepe facere, voluptas eum incidunt dolores magni itaque autem neque velit in. At quia quaerat asperiores.\r\nLorem ipsum dolor sit amet, consectetur adipisicing elit. Quae repudiandae fugiat illo cupiditate excepturi esse officiis consectetur, laudantium qui voluptatem. Ad necessitatibus velit, accusantium expedita debitis impedit rerum totam id. Lorem ipsum dolor sit amet, consectetur adipisicing elit. Natus quibusdam recusandae illum, nesciunt, architecto, saepe facere, voluptas eum incidunt dolores magni itaque autem neque velit in. At quia quaerat asperiores', 12, 12000, 'p_1504111056', 5, 2),
(44, 'lazy egg', 'PP', 'Yellow', 'Lorem ipsum dolor sit amet, consectetur adipisicing elit. Quae repudiandae fugiat illo cupiditate excepturi esse officiis consectetur, laudantium qui voluptatem. Ad necessitatibus velit, accusantium expedita debitis impedit rerum totam id. Lorem ipsum dolor sit amet, consectetur adipisicing elit. Natus quibusdam recusandae illum, nesciunt, architecto, saepe facere, voluptas eum incidunt dolores magni itaque autem neque velit in. At quia quaerat asperiores.\r\nLorem ipsum dolor sit amet, consectetur adipisicing elit. Quae repudiandae fugiat illo cupiditate excepturi esse officiis consectetur, laudantium qui voluptatem. Ad necessitatibus velit, accusantium expedita debitis impedit rerum totam id. Lorem ipsum dolor sit amet, consectetur adipisicing elit. Natus quibusdam recusandae illum, nesciunt, architecto, saepe facere, voluptas eum incidunt dolores magni itaque autem neque velit in. At quia quaerat asperiores', 32, 32000, 'p_1504111089', 5, 2),
(45, 'Totoro', 'PP Cotton', 'Grey', 'Lorem ipsum dolor sit amet, consectetur adipisicing elit. Quae repudiandae fugiat illo cupiditate excepturi esse officiis consectetur, laudantium qui voluptatem. Ad necessitatibus velit, accusantium expedita debitis impedit rerum totam id. Lorem ipsum dolor sit amet, consectetur adipisicing elit. Natus quibusdam recusandae illum, nesciunt, architecto, saepe facere, voluptas eum incidunt dolores magni itaque autem neque velit in. At quia quaerat asperiores.\r\nLorem ipsum dolor sit amet, consectetur adipisicing elit. Quae repudiandae fugiat illo cupiditate excepturi esse officiis consectetur, laudantium qui voluptatem. Ad necessitatibus velit, accusantium expedita debitis impedit rerum totam id. Lorem ipsum dolor sit amet, consectetur adipisicing elit. Natus quibusdam recusandae illum, nesciunt, architecto, saepe facere, voluptas eum incidunt dolores magni itaque autem neque velit in. At quia quaerat asperiores', 21, 12000, 'p_1504111126', 5, 3),
(46, 'Mickey &amp; Minni', 'PP Cotton', 'Red', 'Lorem ipsum dolor sit amet, consectetur adipisicing elit. Quae repudiandae fugiat illo cupiditate excepturi esse officiis consectetur, laudantium qui voluptatem. Ad necessitatibus velit, accusantium expedita debitis impedit rerum totam id. Lorem ipsum dolor sit amet, consectetur adipisicing elit. Natus quibusdam recusandae illum, nesciunt, architecto, saepe facere, voluptas eum incidunt dolores magni itaque autem neque velit in. At quia quaerat asperiores.\r\nLorem ipsum dolor sit amet, consectetur adipisicing elit. Quae repudiandae fugiat illo cupiditate excepturi esse officiis consectetur, laudantium qui voluptatem. Ad necessitatibus velit, accusantium expedita debitis impedit rerum totam id. Lorem ipsum dolor sit amet, consectetur adipisicing elit. Natus quibusdam recusandae illum, nesciunt, architecto, saepe facere, voluptas eum incidunt dolores magni itaque autem neque velit in. At quia quaerat asperiores', 32, 12000, 'p_1504111158', 5, 7),
(47, 'Hamster', 'Plush', 'white', 'Lorem ipsum dolor sit amet, consectetur adipisicing elit. Quae repudiandae fugiat illo cupiditate excepturi esse officiis consectetur, laudantium qui voluptatem. Ad necessitatibus velit, accusantium expedita debitis impedit rerum totam id. Lorem ipsum dolor sit amet, consectetur adipisicing elit. Natus quibusdam recusandae illum, nesciunt, architecto, saepe facere, voluptas eum incidunt dolores magni itaque autem neque velit in. At quia quaerat asperiores.\r\nLorem ipsum dolor sit amet, consectetur adipisicing elit. Quae repudiandae fugiat illo cupiditate excepturi esse officiis consectetur, laudantium qui voluptatem. Ad necessitatibus velit, accusantium expedita debitis impedit rerum totam id. Lorem ipsum dolor sit amet, consectetur adipisicing elit. Natus quibusdam recusandae illum, nesciunt, architecto, saepe facere, voluptas eum incidunt dolores magni itaque autem neque velit in. At quia quaerat asperiores', 23, 34000, 'p_1504111201', 5, 3),
(48, 'Scarf Dog', 'PP Cotton', 'Black and White', 'Lorem ipsum dolor sit amet, consectetur adipisicing elit. Quae repudiandae fugiat illo cupiditate excepturi esse officiis consectetur, laudantium qui voluptatem. Ad necessitatibus velit, accusantium expedita debitis impedit rerum totam id. Lorem ipsum dolor sit amet, consectetur adipisicing elit. Natus quibusdam recusandae illum, nesciunt, architecto, saepe facere, voluptas eum incidunt dolores magni itaque autem neque velit in. At quia quaerat asperiores.\r\nLorem ipsum dolor sit amet, consectetur adipisicing elit. Quae repudiandae fugiat illo cupiditate excepturi esse officiis consectetur, laudantium qui voluptatem. Ad necessitatibus velit, accusantium expedita debitis impedit rerum totam id. Lorem ipsum dolor sit amet, consectetur adipisicing elit. Natus quibusdam recusandae illum, nesciunt, architecto, saepe facere, voluptas eum incidunt dolores magni itaque autem neque velit in. At quia quaerat asperiores', 3, 33000, 'p_1504111248', 5, 4),
(49, 'Handmade Doll', 'PP Cotton', 'All color', 'Lorem ipsum dolor sit amet, consectetur adipisicing elit. Quae repudiandae fugiat illo cupiditate excepturi esse officiis consectetur, laudantium qui voluptatem. Ad necessitatibus velit, accusantium expedita debitis impedit rerum totam id. Lorem ipsum dolor sit amet, consectetur adipisicing elit. Natus quibusdam recusandae illum, nesciunt, architecto, saepe facere, voluptas eum incidunt dolores magni itaque autem neque velit in. At quia quaerat asperiores.\r\nLorem ipsum dolor sit amet, consectetur adipisicing elit. Quae repudiandae fugiat illo cupiditate excepturi esse officiis consectetur, laudantium qui voluptatem. Ad necessitatibus velit, accusantium expedita debitis impedit rerum totam id. Lorem ipsum dolor sit amet, consectetur adipisicing elit. Natus quibusdam recusandae illum, nesciunt, architecto, saepe facere, voluptas eum incidunt dolores magni itaque autem neque velit in. At quia quaerat asperiores', 33, 34000, 'p_1504111294', 5, 2);

-- --------------------------------------------------------

--
-- Table structure for table `productorder`
--

CREATE TABLE `productorder` (
  `OrderID` int(11) NOT NULL,
  `CustomerID` int(11) NOT NULL,
  `Address` varchar(100) COLLATE utf8_unicode_ci NOT NULL,
  `DeliveryDate` varchar(50) COLLATE utf8_unicode_ci NOT NULL,
  `OrderDate` date NOT NULL,
  `Status` int(11) NOT NULL DEFAULT '0',
  `ModifiedDate` date NOT NULL
) ENGINE=InnoDB DEFAULT CHARSET=utf8 COLLATE=utf8_unicode_ci;

--
-- Dumping data for table `productorder`
--

INSERT INTO `productorder` (`OrderID`, `CustomerID`, `Address`, `DeliveryDate`, `OrderDate`, `Status`, `ModifiedDate`) VALUES
(1, 4, 'Lanmandaw, Yangon', '2017-08-31', '2017-08-29', 0, '2017-08-31'),
(2, 4, 'Lanmandaw', '2017-08-31', '2017-08-29', 1, '2017-08-30'),
(3, 4, 'gh', '2017-08-31', '2017-08-29', 0, '2017-09-07'),
(4, 4, 'Lanmandaw', '2017-08-31', '2017-08-29', 1, '2017-08-30'),
(5, 1, 'Yangon', '2017-08-31', '2017-08-29', 1, '2017-08-30'),
(6, 1, 'Yangon', '2017-08-31', '2017-08-29', 0, '2017-09-07'),
(7, 1, 'gae', '2017-08-31', '2017-08-29', 0, '0000-00-00'),
(8, 1, 'aad', '2017-08-31', '2017-08-29', 0, '2017-08-30'),
(9, 1, 'Yangon', '2017-08-31', '2017-08-29', 0, '2017-09-07'),
(10, 4, 'adfa', '2017-08-31', '2017-08-29', 1, '2017-08-29'),
(11, 4, 'Lanmandaw', '2017-09-01', '2017-08-30', 0, '0000-00-00'),
(12, 4, 'Hledan', '2017-09-01', '2017-08-30', 1, '2017-09-07'),
(13, 4, 'Hledan', '2017-09-01', '2017-08-30', 0, '0000-00-00'),
(14, 4, 'Lanmandaw', '2017-09-02', '2017-08-31', 0, '0000-00-00'),
(15, 4, 'Lanmandaw', '2017-09-02', '2017-08-31', 0, '0000-00-00'),
(16, 4, 'Lanmandaw', '2017-09-02', '2017-08-31', 0, '0000-00-00'),
(17, 4, 'Lanmandaw', '2017-09-09', '2017-09-07', 0, '0000-00-00');

-- --------------------------------------------------------

--
-- Table structure for table `supplier`
--

CREATE TABLE `supplier` (
  `SupplierID` int(11) NOT NULL,
  `SName` varchar(50) COLLATE utf8_unicode_ci NOT NULL,
  `SPhone` varchar(20) COLLATE utf8_unicode_ci NOT NULL,
  `SEmail` varchar(30) COLLATE utf8_unicode_ci NOT NULL,
  `SAddress` varchar(500) COLLATE utf8_unicode_ci NOT NULL
) ENGINE=InnoDB DEFAULT CHARSET=utf8 COLLATE=utf8_unicode_ci;

--
-- Dumping data for table `supplier`
--

INSERT INTO `supplier` (`SupplierID`, `SName`, `SPhone`, `SEmail`, `SAddress`) VALUES
(1, 'Minnn', '0909090909', 'mm@gmail.com', 'Mandalay'),
(2, 'JK', '45343453', 'jk@mail.com', 'Yangon'),
(3, 'UI', '42453542', 'ui@gmail.com', 'somewhere'),
(4, 'QWE', '64542343', 'qwe@gmail.com', 'qwe');

--
-- Indexes for dumped tables
--

--
-- Indexes for table `admin`
--
ALTER TABLE `admin`
  ADD PRIMARY KEY (`adminId`);

--
-- Indexes for table `category`
--
ALTER TABLE `category`
  ADD PRIMARY KEY (`CategoryID`);

--
-- Indexes for table `customer`
--
ALTER TABLE `customer`
  ADD PRIMARY KEY (`CustomerID`);

--
-- Indexes for table `product`
--
ALTER TABLE `product`
  ADD PRIMARY KEY (`ProductID`);

--
-- Indexes for table `productorder`
--
ALTER TABLE `productorder`
  ADD PRIMARY KEY (`OrderID`);

--
-- Indexes for table `supplier`
--
ALTER TABLE `supplier`
  ADD PRIMARY KEY (`SupplierID`);

--
-- AUTO_INCREMENT for dumped tables
--

--
-- AUTO_INCREMENT for table `admin`
--
ALTER TABLE `admin`
  MODIFY `adminId` int(11) NOT NULL AUTO_INCREMENT, AUTO_INCREMENT=2;
--
-- AUTO_INCREMENT for table `category`
--
ALTER TABLE `category`
  MODIFY `CategoryID` int(11) NOT NULL AUTO_INCREMENT, AUTO_INCREMENT=6;
--
-- AUTO_INCREMENT for table `customer`
--
ALTER TABLE `customer`
  MODIFY `CustomerID` int(11) NOT NULL AUTO_INCREMENT, AUTO_INCREMENT=6;
--
-- AUTO_INCREMENT for table `product`
--
ALTER TABLE `product`
  MODIFY `ProductID` int(11) NOT NULL AUTO_INCREMENT, AUTO_INCREMENT=50;
--
-- AUTO_INCREMENT for table `productorder`
--
ALTER TABLE `productorder`
  MODIFY `OrderID` int(11) NOT NULL AUTO_INCREMENT, AUTO_INCREMENT=18;
--
-- AUTO_INCREMENT for table `supplier`
--
ALTER TABLE `supplier`
  MODIFY `SupplierID` int(11) NOT NULL AUTO_INCREMENT, AUTO_INCREMENT=8;
/*!40101 SET CHARACTER_SET_CLIENT=@OLD_CHARACTER_SET_CLIENT */;
/*!40101 SET CHARACTER_SET_RESULTS=@OLD_CHARACTER_SET_RESULTS */;
/*!40101 SET COLLATION_CONNECTION=@OLD_COLLATION_CONNECTION */;
